{
  "auto_cast": true,
  "batch_size": 4,
  "learning_rate": 4.095384586928868e-05,
  "max_epochs": 100,
  "weight_decay": 9.45998855879339e-06
}