{
  "auto_cast": true,
  "batch_size": 8,
  "learning_rate": 0.00017341965189612903,
  "max_epochs": 100,
  "weight_decay": 2.7859152002837475e-06
}