{
  "auto_cast": true,
  "batch_size": 8,
  "learning_rate": 9.758323419192103e-05,
  "max_epochs": 100,
  "weight_decay": 0.00016989838146653526
}