{
  "auto_cast": true,
  "batch_size": 8,
  "learning_rate": 9.07813745287749e-05,
  "max_epochs": 100,
  "weight_decay": 9.924651587616347e-06
}