{
  "auto_cast": true,
  "batch_size": 8,
  "learning_rate": 0.0001480103052893966,
  "max_epochs": 100,
  "weight_decay": 1.2635677359313543e-06
}