{
  "auto_cast": true,
  "batch_size": 4,
  "learning_rate": 6.5906843418631e-05,
  "max_epochs": 100,
  "weight_decay": 2.5428527571253646e-06
}