{
  "auto_cast": true,
  "batch_size": 8,
  "learning_rate": 1.4837978771628764e-05,
  "max_epochs": 100,
  "weight_decay": 0.00017977041888029888
}