{
  "auto_cast": true,
  "batch_size": 8,
  "learning_rate": 0.00041841963868591894,
  "max_epochs": 100,
  "weight_decay": 1.788889195419551e-06
}