{
  "auto_cast": false,
  "batch_size": 8,
  "learning_rate": 0.00011756010900231849,
  "max_epochs": 100,
  "weight_decay": 0.0016172900811143157
}