{
  "auto_cast": true,
  "batch_size": 8,
  "learning_rate": 0.00487212993732661,
  "max_epochs": 100,
  "weight_decay": 2.936778049145003e-06
}