{
  "auto_cast": true,
  "batch_size": 8,
  "learning_rate": 5.1245342345097164e-05,
  "max_epochs": 100,
  "weight_decay": 2.7555749992521907e-05
}