{
  "auto_cast": true,
  "batch_size": 4,
  "learning_rate": 0.0005783578840237701,
  "max_epochs": 100,
  "weight_decay": 4.444478056645527e-06
}