{"learning_rate": 9.088060873423374e-06, "batch_size": 10, "weight_decay": 0.04398942169802802}