{"learning_rate": 0.0016659833797163385, "batch_size": 16, "weight_decay": 0.00018455942865270558, "auto_cast": true, "max_epochs": 100}