{
  "auto_cast": true,
  "batch_size": 8,
  "learning_rate": 0.00015564543506929224,
  "max_epochs": 100,
  "weight_decay": 9.090617432165865e-06
}