{
  "auto_cast": true,
  "batch_size": 8,
  "learning_rate": 5.802928267465926e-05,
  "max_epochs": 100,
  "weight_decay": 0.000138332871338124
}