{
  "auto_cast": true,
  "batch_size": 8,
  "learning_rate": 0.00042211882601319597,
  "max_epochs": 100,
  "weight_decay": 3.345950610076935e-05
}