{
  "auto_cast": true,
  "batch_size": 8,
  "learning_rate": 0.0010835488440553646,
  "max_epochs": 100,
  "weight_decay": 2.238307258019386e-06
}