{
  "auto_cast": true,
  "batch_size": 8,
  "learning_rate": 0.00043987705416461233,
  "max_epochs": 100,
  "weight_decay": 0.005593924850451593
}