{
  "auto_cast": true,
  "batch_size": 8,
  "learning_rate": 0.0005889323032193384,
  "max_epochs": 100,
  "weight_decay": 2.051614422023322e-06
}