{
  "auto_cast": false,
  "batch_size": 8,
  "learning_rate": 0.0005987474910461401,
  "max_epochs": 100,
  "weight_decay": 1.8205657658407268e-06
}