{
  "auto_cast": true,
  "batch_size": 16,
  "learning_rate": 0.0005268415773013196,
  "max_epochs": 100,
  "weight_decay": 1.202963968495409e-05
}