{
  "auto_cast": true,
  "batch_size": 8,
  "learning_rate": 2.2478315681658654e-05,
  "max_epochs": 100,
  "weight_decay": 0.004852208143657451
}