{
  "auto_cast": false,
  "batch_size": 8,
  "learning_rate": 2.9260243201813754e-05,
  "max_epochs": 100,
  "weight_decay": 0.00012724930220974935
}