{
  "auto_cast": true,
  "batch_size": 4,
  "learning_rate": 0.00017368064097616562,
  "max_epochs": 100,
  "weight_decay": 1.0271211140750382e-06
}