{
  "auto_cast": true,
  "batch_size": 8,
  "learning_rate": 6.0690324265928084e-05,
  "max_epochs": 100,
  "weight_decay": 0.00021130964579047068
}