{
  "auto_cast": true,
  "batch_size": 4,
  "learning_rate": 0.0003475282161839681,
  "max_epochs": 100,
  "weight_decay": 1.0719864040714873e-06
}