{
  "auto_cast": true,
  "batch_size": 8,
  "learning_rate": 0.001490241882223857,
  "max_epochs": 100,
  "weight_decay": 0.0001660917207874497
}