{
  "auto_cast": true,
  "batch_size": 4,
  "learning_rate": 0.00014252073771131202,
  "max_epochs": 100,
  "weight_decay": 6.6841687162644165e-06
}