{
  "auto_cast": true,
  "batch_size": 4,
  "learning_rate": 0.00010107230429368463,
  "max_epochs": 100,
  "weight_decay": 1.6483626429385243e-06
}