{
  "auto_cast": true,
  "batch_size": 4,
  "learning_rate": 0.00014754891779155367,
  "max_epochs": 100,
  "weight_decay": 1.1276451317279145e-05
}