{
  "auto_cast": true,
  "batch_size": 4,
  "learning_rate": 0.0008205913204635886,
  "max_epochs": 100,
  "weight_decay": 6.87557289252419e-06
}