{
  "auto_cast": true,
  "batch_size": 4,
  "learning_rate": 0.0007637106304017796,
  "max_epochs": 100,
  "weight_decay": 1.5056370917188912e-05
}