{
  "auto_cast": true,
  "batch_size": 8,
  "learning_rate": 8.268559400480621e-05,
  "max_epochs": 100,
  "weight_decay": 0.00042456733557797745
}