{
  "auto_cast": true,
  "batch_size": 8,
  "learning_rate": 0.0005752574637563734,
  "max_epochs": 100,
  "weight_decay": 1.807329508947343e-06
}