{
  "auto_cast": true,
  "batch_size": 8,
  "learning_rate": 4.1657300002764775e-05,
  "max_epochs": 100,
  "weight_decay": 8.01223956450872e-05
}