{
  "auto_cast": true,
  "batch_size": 8,
  "learning_rate": 4.192531115830626e-05,
  "max_epochs": 100,
  "weight_decay": 8.928694233568536e-06
}