{
  "auto_cast": false,
  "batch_size": 4,
  "learning_rate": 0.00015291195160363,
  "max_epochs": 100,
  "weight_decay": 1.0616251625972518e-06
}