{
  "auto_cast": true,
  "batch_size": 8,
  "learning_rate": 0.00010632410724500061,
  "max_epochs": 100,
  "weight_decay": 1.213308574290874e-06
}