{
  "auto_cast": true,
  "batch_size": 8,
  "learning_rate": 0.00017722436490009508,
  "max_epochs": 100,
  "weight_decay": 7.639538434989427e-06
}