{
  "auto_cast": true,
  "batch_size": 4,
  "learning_rate": 4.899383767837818e-05,
  "max_epochs": 100,
  "weight_decay": 0.00024263028969116488
}