{
  "auto_cast": true,
  "batch_size": 8,
  "learning_rate": 0.00026915908283764765,
  "max_epochs": 100,
  "weight_decay": 1.0753929359469305e-06
}