{
  "auto_cast": true,
  "batch_size": 8,
  "learning_rate": 2.1352499884666333e-05,
  "max_epochs": 100,
  "weight_decay": 3.747768893884739e-05
}