{
  "auto_cast": true,
  "batch_size": 8,
  "learning_rate": 0.0005859570293466546,
  "max_epochs": 100,
  "weight_decay": 1.1239346394270676e-06
}