{
  "auto_cast": true,
  "batch_size": 4,
  "learning_rate": 0.00040710289512072413,
  "max_epochs": 100,
  "weight_decay": 1.3283394992066417e-05
}