{
  "auto_cast": true,
  "batch_size": 8,
  "learning_rate": 0.0003952014075813921,
  "max_epochs": 100,
  "weight_decay": 0.0005418412041937127
}