{
  "auto_cast": true,
  "batch_size": 8,
  "learning_rate": 0.0005270921315228238,
  "max_epochs": 100,
  "weight_decay": 1.7068354583203983e-06
}