{
  "auto_cast": true,
  "batch_size": 8,
  "learning_rate": 0.0009594715628649195,
  "max_epochs": 100,
  "weight_decay": 1.047679091645118e-05
}