{
  "auto_cast": true,
  "batch_size": 4,
  "learning_rate": 0.00017528114829507303,
  "max_epochs": 100,
  "weight_decay": 0.001292232395380401
}