{
  "auto_cast": true,
  "batch_size": 8,
  "learning_rate": 0.0004037274173681367,
  "max_epochs": 100,
  "weight_decay": 0.005994775869097373
}