{
  "auto_cast": true,
  "batch_size": 4,
  "learning_rate": 0.00012450179736808788,
  "max_epochs": 100,
  "weight_decay": 7.300358083644755e-06
}