{
  "auto_cast": true,
  "batch_size": 8,
  "learning_rate": 1.4880611291039248e-05,
  "max_epochs": 100,
  "weight_decay": 0.00015889044351723026
}