{
  "auto_cast": true,
  "batch_size": 8,
  "learning_rate": 0.007985634897281522,
  "max_epochs": 100,
  "weight_decay": 0.000180917280419763
}