{
  "auto_cast": false,
  "batch_size": 16,
  "learning_rate": 0.00011930751738865629,
  "max_epochs": 100,
  "weight_decay": 1.3177367955548789e-06
}