{
  "auto_cast": true,
  "batch_size": 8,
  "learning_rate": 0.0005865320197276116,
  "max_epochs": 100,
  "weight_decay": 1.7527125593017592e-06
}