{
  "auto_cast": true,
  "batch_size": 16,
  "learning_rate": 1.837499987326739e-05,
  "max_epochs": 100,
  "weight_decay": 0.001450005656162197
}