{
  "auto_cast": true,
  "batch_size": 4,
  "learning_rate": 0.0002487586658711282,
  "max_epochs": 100,
  "weight_decay": 0.00048262994526655133
}