{
  "auto_cast": false,
  "batch_size": 4,
  "learning_rate": 0.0001138029467986107,
  "max_epochs": 100,
  "weight_decay": 5.661332212858556e-05
}