{
  "auto_cast": true,
  "batch_size": 8,
  "learning_rate": 0.0005125772184283073,
  "max_epochs": 100,
  "weight_decay": 1.170083636647771e-06
}