{
  "auto_cast": true,
  "batch_size": 4,
  "learning_rate": 7.212111285047965e-05,
  "max_epochs": 100,
  "weight_decay": 1.614386884117128e-05
}