{
  "auto_cast": true,
  "batch_size": 8,
  "learning_rate": 0.00011038251665362917,
  "max_epochs": 100,
  "weight_decay": 4.970314489346832e-06
}