{
  "auto_cast": false,
  "batch_size": 16,
  "learning_rate": 0.002661901888489057,
  "max_epochs": 100,
  "weight_decay": 5.762487216478604e-05
}