{
  "auto_cast": true,
  "batch_size": 8,
  "learning_rate": 1.884329018551163e-05,
  "max_epochs": 100,
  "weight_decay": 7.98035007928127e-05
}