{
  "auto_cast": true,
  "batch_size": 8,
  "learning_rate": 8.020206330635883e-05,
  "max_epochs": 100,
  "weight_decay": 0.00012409775823385056
}