{
  "auto_cast": true,
  "batch_size": 8,
  "learning_rate": 0.0007597154083124754,
  "max_epochs": 100,
  "weight_decay": 1.0810460571374019e-06
}