{
  "auto_cast": true,
  "batch_size": 8,
  "learning_rate": 0.003964986177224443,
  "max_epochs": 100,
  "weight_decay": 1.933697914315657e-06
}