{
  "auto_cast": true,
  "batch_size": 4,
  "learning_rate": 3.912781842997985e-05,
  "max_epochs": 100,
  "weight_decay": 2.9398787067599923e-06
}