{
  "auto_cast": true,
  "batch_size": 4,
  "learning_rate": 0.0001104845803570973,
  "max_epochs": 100,
  "weight_decay": 6.428417554494968e-06
}