{
  "auto_cast": true,
  "batch_size": 8,
  "learning_rate": 0.0009601847188032623,
  "max_epochs": 100,
  "weight_decay": 1.651924137662266e-05
}