{
  "auto_cast": true,
  "batch_size": 8,
  "learning_rate": 7.601614646752211e-05,
  "max_epochs": 100,
  "weight_decay": 0.0001146678000379278
}