{
  "auto_cast": true,
  "batch_size": 4,
  "learning_rate": 0.0013022538384279939,
  "max_epochs": 100,
  "weight_decay": 4.60619179957186e-06
}