{
  "auto_cast": true,
  "batch_size": 8,
  "learning_rate": 0.0002596136554873212,
  "max_epochs": 100,
  "weight_decay": 1.9199187969768203e-05
}