{
  "auto_cast": true,
  "batch_size": 8,
  "learning_rate": 4.5704294142966665e-05,
  "max_epochs": 100,
  "weight_decay": 0.00010186344191465519
}