{
  "auto_cast": false,
  "batch_size": 8,
  "learning_rate": 0.00018398103375655164,
  "max_epochs": 100,
  "weight_decay": 1.3105721451249084e-05
}