{
  "auto_cast": false,
  "batch_size": 8,
  "learning_rate": 0.000900023101750772,
  "max_epochs": 100,
  "weight_decay": 0.008532450484661133
}