{
  "auto_cast": true,
  "batch_size": 16,
  "learning_rate": 6.151198671441082e-05,
  "max_epochs": 100,
  "weight_decay": 2.882763188643888e-05
}