{
  "auto_cast": true,
  "batch_size": 8,
  "learning_rate": 0.00040074666939311527,
  "max_epochs": 100,
  "weight_decay": 1.0349421447158209e-05
}