{
  "auto_cast": true,
  "batch_size": 16,
  "learning_rate": 3.090459969714114e-05,
  "max_epochs": 100,
  "weight_decay": 5.0940267516950375e-05
}