{
  "auto_cast": true,
  "batch_size": 4,
  "learning_rate": 5.420818643180641e-05,
  "max_epochs": 100,
  "weight_decay": 1.7739433375415385e-05
}