{
  "auto_cast": true,
  "batch_size": 8,
  "learning_rate": 0.009415244195298792,
  "max_epochs": 100,
  "weight_decay": 2.0930915663919902e-05
}