{
  "auto_cast": true,
  "batch_size": 4,
  "learning_rate": 0.00020932454747828663,
  "max_epochs": 100,
  "weight_decay": 2.174812599047274e-05
}