{"trial_data": [["{\n  \"stub\": false,\n  \"trainable_name\": \"train_hyper\",\n  \"trial_id\": \"612d5a5b\",\n  \"storage\": {\n    \"_type\": \"CLOUDPICKLE_FALLBACK\",\n    \"value\": \"8005956a030000000000008c1b7261792e747261696e2e5f696e7465726e616c2e73746f72616765948c0e53746f72616765436f6e746578749493942981947d94288c12637573746f6d5f66735f70726f766964656494898c136578706572696d656e745f6469725f6e616d65948c1f747261696e5f68797065725f323032342d30362d30315f31392d33322d3535948c0e747269616c5f6469725f6e616d65948c7b747261696e5f68797065725f36313264356135625f315f62617463685f73697a653d362c6c6561726e696e675f726174653d302e303030302c73746570733d38302c7573655f6175746f636173743d547275652c7765696768745f64656361793d302e303030305f323032342d30362d30315f31392d33322d3535948c1863757272656e745f636865636b706f696e745f696e646578944affffffff8c0b73796e635f636f6e666967948c097261792e747261696e948c0a53796e63436f6e6669679493942981947d94288c0b73796e635f706572696f64944d2c018c0c73796e635f74696d656f7574944d08078c0e73796e635f61727469666163747394898c1c73796e635f6172746966616374735f6f6e5f636865636b706f696e7494888c0a75706c6f61645f646972948c0a44455052454341544544948c0673796e6365729468168c1273796e635f6f6e5f636865636b706f696e7494681675628c1273746f726167655f66696c6573797374656d948c0b70796172726f772e5f6673948c1c4c6f63616c46696c6553797374656d2e5f7265636f6e7374727563749493947d948c087573655f6d6d6170948973859452948c0f73746f726167655f66735f70617468948c552f686f6d652f6a616e2f7374756469656e6172626569742f5374756469656e6172626569742d434f44455f53656d616e7469736368655f5365676d656e746174696f6e2f4879706572706172616d657465724c4f4794681768008c115f46696c6573797374656d53796e6365729493942981947d94286819682068114d2c0168124d08078c116c6173745f73796e635f75705f74696d659447fff00000000000008c136c6173745f73796e635f646f776e5f74696d659447fff00000000000008c0d5f73796e635f70726f63657373944e8c0c5f63757272656e745f636d64944e75628c0a5f74696d657374616d70948c13323032342d30362d30315f31392d33322d35359475622e\"\n  },\n  \"config\": {\n    \"steps\": 80,\n    \"learning_rate\": 4.072940490317263e-06,\n    \"batch_size\": 6,\n    \"weight_decay\": 1.305255856052896e-06,\n    \"use_autocast\": true\n  },\n  \"_Trial__unresolved_config\": {\n    \"steps\": 80,\n    \"learning_rate\": 4.072940490317263e-06,\n    \"batch_size\": 6,\n    \"weight_decay\": 1.305255856052896e-06,\n    \"use_autocast\": true\n  },\n  \"evaluated_params\": {\n    \"learning_rate\": 4.072940490317263e-06,\n    \"batch_size\": 6,\n    \"weight_decay\": 1.305255856052896e-06,\n    \"use_autocast\": true\n  },\n  \"experiment_tag\": \"1_batch_size=6,learning_rate=0.0000,steps=80,use_autocast=True,weight_decay=0.0000\",\n  \"stopping_criterion\": {},\n  \"_setup_default_resource\": true,\n  \"_default_placement_group_factory\": \"800595ba000000000000008c237261792e74756e652e657865637574696f6e2e706c6163656d656e745f67726f757073948c15506c6163656d656e7447726f7570466163746f72799493942981947d94288c085f62756e646c6573945d947d94288c03435055944740180000000000008c0347505594473ff000000000000075618c155f686561645f62756e646c655f69735f656d70747994898c095f7374726174656779948c045041434b948c055f6172677394298c075f6b7761726773947d9475622e\",\n  \"placement_group_factory\": \"800595ba000000000000008c237261792e74756e652e657865637574696f6e2e706c6163656d656e745f67726f757073948c15506c6163656d656e7447726f7570466163746f72799493942981947d94288c085f62756e646c6573945d947d94288c03435055944740180000000000008c0347505594473ff000000000000075618c155f686561645f62756e646c655f69735f656d70747994898c095f7374726174656779948c045041434b948c055f6172677394298c075f6b7761726773947d9475622e\",\n  \"log_to_file\": [\n    null,\n    null\n  ],\n  \"max_failures\": 0,\n  \"_default_result_or_future\": null,\n  \"export_formats\": [],\n  \"status\": \"RUNNING\",\n  \"relative_logdir\": \"train_hyper_612d5a5b_1_batch_size=6,learning_rate=0.0000,steps=80,use_autocast=True,weight_decay=0.0000_2024-06-01_19-32-55\",\n  \"trial_name_creator\": null,\n  \"trial_dirname_creator\": null,\n  \"custom_trial_name\": null,\n  \"custom_dirname\": null,\n  \"restore_path\": null,\n  \"_restore_checkpoint_result\": null,\n  \"_state_json\": null,\n  \"results\": \"80054e2e\",\n  \"extra_arg\": \"80054e2e\",\n  \"_resources\": \"80054e2e\"\n}", "{\n  \"start_time\": 1717263180.1222556,\n  \"num_failures\": 0,\n  \"num_failures_after_restore\": 0,\n  \"error_filename\": null,\n  \"pickled_error_filename\": null,\n  \"last_result\": {\n    \"acc\": 17.36550833297859,\n    \"timestamp\": 1717263940,\n    \"checkpoint_dir_name\": null,\n    \"done\": false,\n    \"training_iteration\": 7,\n    \"trial_id\": \"612d5a5b\",\n    \"date\": \"2024-06-01_19-45-40\",\n    \"time_this_iter_s\": 108.22618699073792,\n    \"time_total_s\": 759.9979717731476,\n    \"pid\": 80310,\n    \"hostname\": \"jan-desktop\",\n    \"node_ip\": \"10.7.0.4\",\n    \"config\": {\n      \"steps\": 80,\n      \"learning_rate\": 4.072940490317263e-06,\n      \"batch_size\": 6,\n      \"weight_decay\": 1.305255856052896e-06,\n      \"use_autocast\": true\n    },\n    \"time_since_restore\": 759.9979717731476,\n    \"iterations_since_restore\": 7,\n    \"experiment_tag\": \"1_batch_size=6,learning_rate=0.0000,steps=80,use_autocast=True,weight_decay=0.0000\"\n  },\n  \"last_result_time\": 1717263940.1443079,\n  \"metric_analysis\": {\n    \"acc\": {\n      \"max\": 18.015390202630794,\n      \"min\": 15.484833952364735,\n      \"avg\": 16.958904854138662,\n      \"last\": 17.36550833297859,\n      \"last-5-avg\": 17.36235712613341,\n      \"last-10-avg\": 16.958904854138666\n    },\n    \"done\": {\n      \"max\": false,\n      \"min\": false,\n      \"avg\": 0.0,\n      \"last\": false,\n      \"last-5-avg\": 0.0,\n      \"last-10-avg\": 0.0\n    },\n    \"training_iteration\": {\n      \"max\": 7,\n      \"min\": 1,\n      \"avg\": 4.0,\n      \"last\": 7,\n      \"last-5-avg\": 5.0,\n      \"last-10-avg\": 4.0\n    },\n    \"time_this_iter_s\": {\n      \"max\": 110.56924557685852,\n      \"min\": 107.84570741653442,\n      \"avg\": 108.57113882473536,\n      \"last\": 108.22618699073792,\n      \"last-5-avg\": 108.29243984222413,\n      \"last-10-avg\": 108.57113882473537\n    },\n    \"time_total_s\": {\n      \"max\": 759.9979717731476,\n      \"min\": 110.56924557685852,\n      \"avg\": 435.3984633513859,\n      \"last\": 759.9979717731476,\n      \"last-5-avg\": 543.7368450641632,\n      \"last-10-avg\": 435.39846335138594\n    },\n    \"time_since_restore\": {\n      \"max\": 759.9979717731476,\n      \"min\": 110.56924557685852,\n      \"avg\": 435.3984633513859,\n      \"last\": 759.9979717731476,\n      \"last-5-avg\": 543.7368450641632,\n      \"last-10-avg\": 435.39846335138594\n    },\n    \"iterations_since_restore\": {\n      \"max\": 7,\n      \"min\": 1,\n      \"avg\": 4.0,\n      \"last\": 7,\n      \"last-5-avg\": 5.0,\n      \"last-10-avg\": 4.0\n    }\n  },\n  \"_n_steps\": [\n    5,\n    10\n  ],\n  \"metric_n_steps\": {\n    \"acc\": {\n      \"5\": {\n        \"_type\": \"CLOUDPICKLE_FALLBACK\",\n        \"value\": \"8005954f000000000000008c0b636f6c6c656374696f6e73948c056465717565949394294b0586945294284740312046a94949a3474031c0df5c722a4e4740308d289822169a47403203f09cc0fa634740315d91f4408efb652e\"\n      },\n      \"10\": {\n        \"_type\": \"CLOUDPICKLE_FALLBACK\",\n        \"value\": \"80059561000000000000008c0b636f6c6c656374696f6e73948c056465717565949394294b0a86945294284740306a6c423708aa47402ef83c27e2cb3e4740312046a94949a3474031c0df5c722a4e4740308d289822169a47403203f09cc0fa634740315d91f4408efb652e\"\n      }\n    },\n    \"done\": {\n      \"5\": {\n        \"_type\": \"CLOUDPICKLE_FALLBACK\",\n        \"value\": \"80059527000000000000008c0b636f6c6c656374696f6e73948c056465717565949394294b0586945294288989898989652e\"\n      },\n      \"10\": {\n        \"_type\": \"CLOUDPICKLE_FALLBACK\",\n        \"value\": \"80059529000000000000008c0b636f6c6c656374696f6e73948c056465717565949394294b0a869452942889898989898989652e\"\n      }\n    },\n    