{
  "auto_cast": true,
  "batch_size": 8,
  "learning_rate": 4.655666925176021e-05,
  "max_epochs": 100,
  "weight_decay": 8.376084207117377e-05
}