{
  "auto_cast": true,
  "batch_size": 8,
  "learning_rate": 0.0001945216364721529,
  "max_epochs": 100,
  "weight_decay": 3.140468232647179e-06
}