{
    "fcn_resnet101": {
        "mIoU": 0.28950396180152893,
        "FWIoU": 0.8020029664039612
    },
    "deeplabv3_resnet101": {
        "mIoU": 0.2868425250053406,
        "FWIoU": 0.8085101842880249
    },
    "deeplabv3_resnet50": {
        "mIoU": 0.2752300500869751,
        "FWIoU": 0.8030052185058594
    },
    "fcn_resnet50": {
        "mIoU": 0.283662348985672,
        "FWIoU": 0.7959056496620178
    }
}