{
  "auto_cast": true,
  "batch_size": 8,
  "learning_rate": 0.00036420035208622895,
  "max_epochs": 100,
  "weight_decay": 0.00017186772653901368
}