{
  "auto_cast": true,
  "batch_size": 8,
  "learning_rate": 4.173245113869769e-05,
  "max_epochs": 100,
  "weight_decay": 0.00032761181234303133
}