{
  "auto_cast": true,
  "batch_size": 8,
  "learning_rate": 0.0012408602580633583,
  "max_epochs": 100,
  "weight_decay": 2.195540617091003e-06
}