{
    "lraspp_mobilenet_v3_large": {
        "mIoU": 0.541836678981781,
        "mPA": 0.6501968502998352,
        "FWIoU": 0.8048373460769653,
        "Dice_Mean": 0.6771149039268494,
        "IoU_per_class": [
            0.9266775250434875,
            0.6937428712844849,
            0.8234513401985168,
            0.3581715524196625,
            0.38996222615242004,
            0.18431907892227173,
            0.32406938076019287,
            0.42622384428977966,
            0.8424466848373413,
            0.5742313265800476,
            0.8739169239997864,
            0.5389853119850159,
            0.2529051601886749,
            0.8485097289085388,
            0.3607902526855469,
            0.4269161522388458,
            0.4779305160045624,
            0.38433536887168884,
            0.5206565856933594,
            0.6084921360015869
        ],
        "PA_per_class": [
            0.9715076088905334,
            0.8335137367248535,
            0.9399689435958862,
            0.4350834786891937,
            0.5356128215789795,
            0.22807905077934265,
            0.40297427773475647,
            0.5373196005821228,
            0.9378613829612732,
            0.6982903480529785,
            0.9515610337257385,
            0.7153386473655701,
            0.33070921897888184,
            0.9446390271186829,
            0.4404946267604828,
            0.4871906340122223,
            0.7895812392234802,
            0.43049007654190063,
            0.7156272530555725,
            0.6780939102172852
        ],
        "Dice_per_class": [
            0.9619435667991638,
            0.8191832304000854,
            0.903178870677948,
            0.5274319648742676,
            0.5611119866371155,
            0.3112659156322479,
            0.4895051419734955,
            0.5976955890655518,
            0.9144869446754456,
            0.7295386791229248,
            0.9327168464660645,
            0.7004424333572388,
            0.4037099778652191,
            0.9180473685264587,
            0.5302658081054688,
            0.5983759760856628,
            0.6467564105987549,
            0.5552634000778198,
            0.6847786903381348,
            0.756599485874176
        ]
    },
    "fcn_resnet101": {
        "mIoU": 0.6305463314056396,
        "mPA": 0.7352201342582703,
        "FWIoU": 0.8298177719116211,
        "Dice_Mean": 0.7576174736022949,
        "IoU_per_class": [
            0.9343404173851013,
            0.7236565351486206,
            0.8513587117195129,
            0.4438767731189728,
            0.46599629521369934,
            0.28017696738243103,
            0.44060325622558594,
            0.5464178919792175,
            0.8636571168899536,
            0.6026704907417297,
            0.8896634578704834,
            0.6467643976211548,
            0.3827661871910095,
            0.8872970938682556,
            0.5001189112663269,
            0.6854784488677979,
            0.7193596959114075,
            0.506995677947998,
            0.6065626740455627,
            0.6331659555435181
        ],
        "PA_per_class": [
            0.975344717502594,
            0.8446047306060791,
            0.9464596509933472,
            0.5635468363761902,
            0.5940977931022644,
            0.35599783062934875,
            0.5469720363616943,
            0.6712774634361267,
            0.9475991725921631,
            0.7193085551261902,
            0.9590868949890137,
            0.8044577240943909,
            0.5094928741455078,
            0.9588557481765747,
            0.6037341356277466,
            0.7581409811973572,
            0.8422867655754089,
            0.6084064841270447,
            0.7863188982009888,
            0.7084126472473145
        ],
        "Dice_per_class": [
            0.9660558700561523,
            0.839676022529602,
            0.9197123646736145,
            0.6148402094841003,
            0.6357401013374329,
            0.437716007232666,
            0.6116927266120911,
            0.7066885232925415,
            0.9268411993980408,
            0.7520828247070312,
            0.9416104555130005,
            0.7854971885681152,
            0.5536238551139832,
            0.9402834177017212,
            0.6667723655700684,
            0.8133933544158936,
            0.8367762565612793,
            0.6728561520576477,
            0.7551061511039734,
            0.7753847241401672
        ]
    },
    "deeplabv3_resnet50": {
        "mIoU": 0.6258465051651001,
        "mPA": 0.7407524585723877,
        "FWIoU": 0.8302751779556274,
        "Dice_Mean": 0.7526397109031677,
        "IoU_per_class": [
            0.9369295835494995,
            0.7207860946655273,
            0.8484651446342468,
            0.41100847721099854,
            0.43898943066596985,
            0.2710250914096832,
            0.42438122630119324,
            0.5309457182884216,
            0.8608711957931519,
            0.6144850254058838,
            0.8848483562469482,
            0.6328729391098022,
            0.37037521600723267,
            0.8849105834960938,
            0.5193808078765869,
            0.74175626039505,
            0.7124136686325073,
            0.48472845554351807,
            0.5813212990760803,
            0.6464362740516663
        ],
        "PA_per_class": [
            0.9738107323646545,
            0.8626223206520081,
            0.9426732659339905,
            0.508561909198761,
            0.593515932559967,
            0.3470302224159241,
            0.5533030033111572,
            0.6723564267158508,
            0.9430151581764221,
            0.749442458152771,
            0.958538830280304,
            0.7895810008049011,
            0.5131323933601379,
            0.9571370482444763,
            0.7066269516944885,
            0.8467180132865906,
            0.7901928424835205,
            0.5892460346221924,
            0.8036739230155945,
            0.7138696312904358
        ],
        "Dice_per_class": [
            0.9674379229545593,
            0.8377404808998108,
            0.9180213212966919,
            0.5825740694999695,
            0.6101357340812683,
            0.4264669418334961,
            0.5958815217018127,
            0.6936179399490356,
            0.9252346158027649,
            0.7612149119377136,
            0.9389066696166992,
            0.7751649618148804,
            0.5405457019805908,
            0.9389417171478271,
            0.6836743354797363,
            0.8517336845397949,
            0.8320578932762146,
            0.6529523134231567,
            0.7352349162101746,
            0.7852551341056824
        ]
    },
    "fcn_resnet50": {
        "mIoU": 0.6207391023635864,
        "mPA": 0.7265620231628418,
        "FWIoU": 0.8266661763191223,
        "Dice_Mean": 0.7491070032119751,
        "IoU_per_class": [
            0.9322214722633362,
            0.7286879420280457,
            0.8457164168357849,
            0.4233609139919281,
            0.4536210298538208,
            0.2784425914287567,
            0.4345580041408539,
            0.55384761095047,
            0.8608512878417969,
            0.6188786625862122,
            0.887692928314209,
            0.6416673064231873,
            0.36737072467803955,
            0.8890707492828369,
            0.4165569841861725,
            0.6508622169494629,
            0.6860328316688538,
            0.5167111158370972,
            0.6015433669090271,
            0.6270877122879028
        ],