{
    "fcn_resnet101": {
        "mIoU": 0.15409082174301147,
        "FWIoU": 0.8020029067993164
    },
    "deeplabv3_resnet101": {
        "mIoU": 0.15267424285411835,
        "FWIoU": 0.8085101842880249
    },
    "deeplabv3_resnet50": {
        "mIoU": 0.14649340510368347,
        "FWIoU": 0.8030052781105042
    },
    "fcn_resnet50": {
        "mIoU": 0.15098156034946442,
        "FWIoU": 0.7959057092666626
    }
}