{
    "fcn_resnet101": {
        "mIoU": 0.6305463314056396,
        "per_class_IoU": [
            0.9343403577804565,
            0.7236564755439758,
            0.8513587117195129,
            0.4438767731189728,
            0.46599629521369934,
            0.28017696738243103,
            0.44060325622558594,
            0.5464178919792175,
            0.8636571168899536,
            0.6026704907417297,
            0.8896634578704834,
            0.6467643976211548,
            0.3827661871910095,
            0.8872970342636108,
            0.5001189112663269,
            0.6854784488677979,
            0.7193596959114075,
            0.506995677947998,
            0.6065626740455627,
            0.6331659555435181
        ],
        "mPA": 0.7352201342582703,
        "per_class_PA": [
            0.975344717502594,
            0.8446047306060791,
            0.9464596509933472,
            0.5635468363761902,
            0.5940977931022644,
            0.35599783062934875,
            0.5469720363616943,
            0.6712774634361267,
            0.9475991725921631,
            0.7193085551261902,
            0.9590868949890137,
            0.8044577240943909,
            0.5094928741455078,
            0.9588557481765747,
            0.6037341356277466,
            0.7581409811973572,
            0.8422867655754089,
            0.6084064841270447,
            0.7863188982009888,
            0.7084126472473145
        ],
        "mean_Dice": 0.7576174736022949,
        "per_class_Dice": [
            0.9660558104515076,
            0.839676022529602,
            0.9197123646736145,
            0.6148402094841003,
            0.6357401013374329,
            0.437716007232666,
            0.6116927266120911,
            0.7066885232925415,
            0.9268411993980408,
            0.7520828247070312,
            0.9416104555130005,
            0.7854971885681152,
            0.5536238551139832,
            0.9402834177017212,
            0.6667723655700684,
            0.8133933544158936,
            0.8367762565612793,
            0.6728561520576477,
            0.7551061511039734,
            0.7753847241401672
        ],
        "FWIoU": 0.829817887701673,
        "frequency_percent": [
            32.61770248413086,
            5.122684478759766,
            19.851303100585938,
            0.49688392877578735,
            0.6730524301528931,
            1.1175098419189453,
            0.18087512254714966,
            0.49663490056991577,
            14.035126686096191,
            0.9395906925201416,
            3.65716552734375,
            1.081784963607788,
            0.1201811358332634,
            6.411740779876709,
            0.3039286136627197,
            0.28057020902633667,
            0.1661710888147354,
            0.07856626063585281,
            0.43268537521362305,
            11.935843467712402
        ]
    },
    "deeplabv3_resnet101": {
        "mIoU": 0.6287730932235718,
        "per_class_IoU": [
            0.9358247518539429,
            0.7340575456619263,
            0.8517827987670898,
            0.4156145453453064,
            0.4474640190601349,
            0.2796664535999298,
            0.42455989122390747,
            0.5464422106742859,
            0.8637835383415222,
            0.6206917762756348,
            0.8898884654045105,
            0.6398832201957703,
            0.3731999695301056,
            0.8932477831840515,
            0.5503799319267273,
            0.6730896234512329,
            0.7524977326393127,
            0.4594871997833252,
            0.5820672512054443,
            0.6418328881263733
        ],
        "mPA": 0.7397056818008423,
        "per_class_PA": [
            0.9754628539085388,
            0.8598910570144653,
            0.9433318972587585,
            0.4826512336730957,
            0.6178373098373413,
            0.35466694831848145,
            0.5168086290359497,
            0.7013251781463623,
            0.9449132680892944,
            0.7529956102371216,
            0.955005943775177,
            0.8015938997268677,
            0.5060393214225769,
            0.9597211480140686,
            0.7224857211112976,
            0.7182145714759827,
            0.9123964905738831,
            0.5486223697662354,
            0.8039284944534302,
            0.7162219882011414
        ],
        "mean_Dice": 0.7550821900367737,
        "per_class_Dice": [
            0.966848611831665,
            0.8466357588768005,
            0.9199597239494324,
            0.5871860384941101,
            0.6182730793952942,
            0.43709275126457214,
            0.596057653427124,
            0.7067088484764099,
            0.9269140362739563,
            0.7659590840339661,
            0.9417364597320557,
            0.7804009914398193,
            0.5435478687286377,
            0.9436142444610596,
            0.7099936008453369,
            0.8046067357063293,
            0.8587717413902283,
            0.629655659198761,
            0.7358312010765076,
            0.781849205493927
        ],
        "FWIoU": 0.8321742795113022,
        "frequency_percent": [
            32.61770248413086,
            5.122684478759766,
            19.851303100585938,
            0.49688392877578735,
            0.6730524301528931,
            1.1175098419189453,
            0.18087512254714966,
            0.49663490056991577,
            14.035126686096191,
            0.9395906925201416,
            3.65716552734375,
            1.081784963607788,
            0.1201811358332634,
            6.411740779876709,
            0.3039286136627197,
            0.28057020902633667,
            0.1661710888147354,
            0.07856626063585281,
            0.43268537521362305,
            11.935843467712402
        ]
    },
    "deeplabv3_resnet50": {
        "mIoU": 0.6258465051651001,
        "per_class_IoU": [
            0.9369295239448547,
            0.7207860350608826,
            0.8484652042388916,
            0.41100847721099854,
            0.43898943066596985,
            0.2710250914096832,
            0.42438122630119324,
            0.5309457182884216,
            0.8608711957931519,
            0.6144850254058838,
            0.8848483562469482,
            0.6328729391098022,
            0.37037521600723267,
            0.8849106431007385,
            0.5193808078765869,
            0.74175626039505,
            0.7124136686325073,
            0.48472845554351807,
            0.5813212990760803,
            0.6464362740516663
        ],
        "mPA": 0.7407524585723877,
        "per_class_PA": [
            0.9738107323646545,
            0.8626223206520081,
            0.9426732659339905,
            0.508561909198761,
            0.593515932559967,
            0.3470302224159241,
            0.5533030033111572,
            0.6723564267158508,
            0.9430151581764221,
            0.749442458152771,
            0.958538830280304,
            0.7895810008049011,
            0.5131323933601379,
            0.9571370482444763,
            0.7066269516944885,
            0.8467180132865906,
            0.7901928424835205,
            0.5892460346221924,
            0.8036739230155945,
            0.7138696312904358
        ],
        "mean_Dice": 0.7526397109031677,
        "per_class_Dice": [
            0.9674379229545593,
            0.8377404808998108,
            0.9180213212966919,
            0.5825740694999695,
            0.6101357340812683,
            0.4264669418334961,
            0.5958815217018127,
            0.6936179399490356,
            0.9252346158027649,
            0.7612149119377136,
            0.9389066696166992,
            0.7751649618148804,
            0.5405457019805908,
            0.9389417171478271,
            0.6836743354797363,
            0.8517336845397949,
            0.8320578932762146,
            0.6529523134231567,
            0.7352349162101746,
            0.7852551341056824
        ],
        "FWIoU": 0.8302752543527309,