{
  "auto_cast": true,
  "batch_size": 4,
  "learning_rate": 0.00010315079727253724,
  "max_epochs": 100,
  "weight_decay": 1.3789768024883841e-06
}