{
  "auto_cast": false,
  "batch_size": 4,
  "learning_rate": 0.0003368605373115465,
  "max_epochs": 100,
  "weight_decay": 2.4781528963419295e-06
}