{
  "auto_cast": true,
  "batch_size": 8,
  "learning_rate": 0.00087756739744542,
  "max_epochs": 100,
  "weight_decay": 2.18722740127467e-06
}