{
  "auto_cast": true,
  "batch_size": 8,
  "learning_rate": 8.493054684608724e-05,
  "max_epochs": 100,
  "weight_decay": 0.000117330321543426
}