{
  "auto_cast": true,
  "batch_size": 4,
  "learning_rate": 0.00011838081013088721,
  "max_epochs": 100,
  "weight_decay": 5.17556344917027e-05
}