{
  "auto_cast": false,
  "batch_size": 4,
  "learning_rate": 4.843975590683784e-05,
  "max_epochs": 100,
  "weight_decay": 4.543333427377921e-06
}