{
  "auto_cast": true,
  "batch_size": 8,
  "learning_rate": 0.0018151881476547406,
  "max_epochs": 100,
  "weight_decay": 5.458408183724411e-06
}