{
  "auto_cast": true,
  "batch_size": 8,
  "learning_rate": 0.0017100667768216915,
  "max_epochs": 100,
  "weight_decay": 1.0169179025171658e-06
}