{
  "auto_cast": true,
  "batch_size": 4,
  "learning_rate": 0.00024184118785655823,
  "max_epochs": 100,
  "weight_decay": 1.7570564767614862e-06
}