{
  "auto_cast": false,
  "batch_size": 8,
  "learning_rate": 0.00016410755555535007,
  "max_epochs": 100,
  "weight_decay": 0.00035364138944463845
}