{
  "auto_cast": true,
  "batch_size": 8,
  "learning_rate": 0.0003374558473821203,
  "max_epochs": 100,
  "weight_decay": 2.8827991195061056e-06
}