{
  "auto_cast": true,
  "batch_size": 8,
  "learning_rate": 2.2610606378634857e-05,
  "max_epochs": 100,
  "weight_decay": 2.059465476885037e-05
}