{
  "auto_cast": false,
  "batch_size": 8,
  "learning_rate": 3.262885620620315e-05,
  "max_epochs": 100,
  "weight_decay": 0.0003599507770859316
}