{
  "auto_cast": true,
  "batch_size": 8,
  "learning_rate": 0.000501437056880758,
  "max_epochs": 100,
  "weight_decay": 1.1432916063992193e-06
}