{
  "auto_cast": true,
  "batch_size": 4,
  "learning_rate": 3.3697832741785914e-05,
  "max_epochs": 100,
  "weight_decay": 0.000117330321543426
}