{
  "auto_cast": true,
  "batch_size": 8,
  "learning_rate": 0.0003403634441072155,
  "max_epochs": 100,
  "weight_decay": 1.673719744620919e-05
}