{
  "auto_cast": true,
  "batch_size": 8,
  "learning_rate": 6.820679391745247e-05,
  "max_epochs": 100,
  "weight_decay": 1.3970734935405222e-06
}