{
  "auto_cast": true,
  "batch_size": 8,
  "learning_rate": 2.9375384576328295e-05,
  "max_epochs": 100,
  "weight_decay": 0.0006796578090758161
}