{
  "auto_cast": true,
  "batch_size": 8,
  "learning_rate": 0.0046453352129152735,
  "max_epochs": 100,
  "weight_decay": 8.64867272426625e-06
}