{
  "auto_cast": true,
  "batch_size": 8,
  "learning_rate": 8.360535936315507e-05,
  "max_epochs": 100,
  "weight_decay": 2.1978098136081125e-05
}