{
  "auto_cast": true,
  "batch_size": 8,
  "learning_rate": 0.0006630599890152511,
  "max_epochs": 100,
  "weight_decay": 6.621061059194538e-06
}