{
  "auto_cast": true,
  "batch_size": 8,
  "learning_rate": 0.000823778472905483,
  "max_epochs": 100,
  "weight_decay": 1.0719864040714873e-06
}