{
  "auto_cast": true,
  "batch_size": 8,
  "learning_rate": 0.003967605077052989,
  "max_epochs": 100,
  "weight_decay": 0.00757947995334801
}