{
  "auto_cast": false,
  "batch_size": 8,
  "learning_rate": 7.876567878861593e-05,
  "max_epochs": 100,
  "weight_decay": 2.4781528963419295e-06
}