{
  "auto_cast": true,
  "batch_size": 8,
  "learning_rate": 7.52174843264087e-05,
  "max_epochs": 100,
  "weight_decay": 1.0637210556042359e-05
}