{
  "auto_cast": true,
  "batch_size": 4,
  "learning_rate": 0.0002611956170165577,
  "max_epochs": 100,
  "weight_decay": 1.8222506835500133e-05
}