{
  "auto_cast": true,
  "batch_size": 8,
  "learning_rate": 4.110817028179992e-05,
  "max_epochs": 100,
  "weight_decay": 0.0002780280375094658
}