{
  "auto_cast": true,
  "batch_size": 4,
  "learning_rate": 0.00016535537675759233,
  "max_epochs": 100,
  "weight_decay": 1.4277832171211409e-06
}