{
  "auto_cast": true,
  "batch_size": 4,
  "learning_rate": 0.009415244195298792,
  "max_epochs": 100,
  "weight_decay": 7.342524259682843e-06
}