{
  "auto_cast": true,
  "batch_size": 8,
  "learning_rate": 0.00029155739364380946,
  "max_epochs": 100,
  "weight_decay": 2.600445793152832e-06
}